Tarih;Şimdi;Açılış;Yüksek;Düşük;Hac.;Fark %;Şirket
06.12.2020;21,72;22,14;22,68;21,62;3,54M;-1,90%;AEFES
29.11.2020;22,14;22,46;22,82;20,94;44,57M;-1,51%;AEFES
22.11.2020;22,48;22,24;23,98;21,98;12,85M;1,35%;AEFES
15.11.2020;22,18;22,64;22,82;21,38;10,99M;-1,86%;AEFES
08.11.2020;22,60;21,64;22,90;21,20;13,11M;5,81%;AEFES
01.11.2020;21,36;19,52;21,52;19,52;8,75M;9,93%;AEFES
25.10.2020;19,43;22,76;22,76;19,43;6,31M;-15,30%;AEFES
18.10.2020;22,94;23,20;23,48;22,36;6,94M;-0,52%;AEFES
11.10.2020;23,06;22,10;23,06;22,08;6,94M;4,34%;AEFES
04.10.2020;22,10;20,94;22,58;20,92;14,15M;5,74%;AEFES
27.09.2020;20,90;20,82;21,18;20,50;6,01M;0,48%;AEFES
20.09.2020;20,80;20,92;21,20;20,08;6,07M;-0,95%;AEFES
13.09.2020;21,00;20,62;21,26;19,14;8,03M;1,94%;AEFES
06.09.2020;20,60;20,16;20,82;19,71;7,67M;2,49%;AEFES
30.08.2020;20,10;19,50;20,34;18,77;13,82M;2,87%;AEFES
23.08.2020;19,54;19,83;20,10;19,29;6,91M;-1,31%;AEFES
16.08.2020;19,80;20,16;20,30;19,27;8,39M;-1,79%;AEFES
09.08.2020;20,16;18,60;20,80;18,13;11,08M;8,10%;AEFES
02.08.2020;18,65;19,52;19,76;17,14;11,75M;-3,67%;AEFES
26.07.2020;19,36;20,74;21,06;19,11;7,91M;-6,47%;AEFES
19.07.2020;20,70;20,78;21,60;20,46;12,67M;-0,38%;AEFES
12.07.2020;20,78;20,74;21,38;20,58;14,07M;-6,48%;AEFES
05.07.2020;22,22;21,58;23,26;21,40;34,23M;4,12%;AEFES
28.06.2020;21,34;21,08;21,78;20,96;20,46M;1,33%;AEFES
21.06.2020;21,06;20,78;21,26;19,87;27,08M;2,23%;AEFES
14.06.2020;20,60;19,16;20,64;19,07;32,50M;6,30%;AEFES
07.06.2020;19,38;19,95;20,12;19,03;27,36M;-2,66%;AEFES
31.05.2020;19,91;18,66;20,42;18,40;62,19M;7,39%;AEFES
24.05.2020;18,54;18,35;19,20;18,15;37,55M;3,52%;AEFES
17.05.2020;17,91;17,01;17,93;17,01;37,22M;5,73%;AEFES
10.05.2020;16,94;17,04;17,46;16,80;12,42M;-0,59%;AEFES
03.05.2020;17,04;18,25;18,42;16,90;16,14M;-7,29%;AEFES
26.04.2020;18,38;18,18;18,59;18,15;15,13M;1,83%;AEFES
19.04.2020;18,05;18,52;18,72;17,96;6,36M;-1,96%;AEFES
12.04.2020;18,41;18,56;18,74;17,70;8,93M;-1,02%;AEFES
05.04.2020;18,60;17,95;19,25;17,95;5,53M;3,85%;AEFES
29.03.2020;17,91;17,42;18,28;16,98;6,90M;2,93%;AEFES
22.03.2020;17,40;17,35;19,78;17,02;4,50M;-1,75%;AEFES
15.03.2020;17,71;19,04;19,04;15,90;3,68M;-7,18%;AEFES
08.03.2020;19,08;22,58;22,90;17,85;5,22M;-17,76%;AEFES
01.03.2020;23,20;22,44;23,96;22,38;4,61M;5,74%;AEFES
23.02.2020;21,94;23,88;24,84;21,94;6,10M;-9,93%;AEFES
16.02.2020;24,36;24,72;25,28;23,66;3,08M;-0,98%;AEFES
09.02.2020;24,60;25,72;25,98;24,28;3,34M;-4,28%;AEFES
02.02.2020;25,70;24,84;25,98;24,68;3,49M;3,71%;AEFES
26.01.2020;24,78;25,82;26,26;24,10;3,39M;-4,69%;AEFES
19.01.2020;26,00;25,60;26,66;25,30;3,41M;1,64%;AEFES
12.01.2020;25,58;23,74;25,58;23,74;6,11M;8,30%;AEFES
05.01.2020;23,62;22,80;24,08;22,40;3,71M;2,34%;AEFES
29.12.2019;23,08;23,52;23,88;22,50;2,90M;-1,11%;AEFES
22.12.2019;23,34;22,40;23,94;22,38;4,29M;4,57%;AEFES
15.12.2019;22,32;22,06;22,98;21,94;5,57M;1,27%;AEFES
06.12.2020;6,31;6,13;6,37;6,02;110,12M;2,10%;AKBNK
29.11.2020;6,18;6,24;6,35;6,02;542,22M;-3,13%;AKBNK
22.11.2020;6,38;6,52;6,54;6,18;632,99M;-1,85%;AKBNK
15.11.2020;6,50;6,42;6,67;5,98;1,33B;3,01%;AKBNK
08.11.2020;6,31;5,26;6,52;5,21;1,47B;25,70%;AKBNK
01.11.2020;5,02;4,81;5,12;4,77;570,86M;5,24%;AKBNK
25.10.2020;4,77;5,01;5,01;4,75;271,54M;-5,73%;AKBNK
18.10.2020;5,06;5,24;5,47;5,01;638,42M;-2,69%;AKBNK
11.10.2020;5,20;5,18;5,22;5,06;345,78M;0,97%;AKBNK
04.10.2020;5,15;5,18;5,24;5,00;367,64M;0,00%;AKBNK
27.09.2020;5,15;5,12;5,27;4,94;485,66M;0,98%;AKBNK
20.09.2020;5,10;4,87;5,21;4,70;557,94M;4,72%;AKBNK
13.09.2020;4,87;4,93;4,93;4,84;199,81M;-1,02%;AKBNK
06.09.2020;4,92;4,93;4,99;4,88;291,87M;0,00%;AKBNK
30.08.2020;4,92;5,04;5,04;4,83;369,93M;-1,80%;AKBNK
23.08.2020;5,01;5,08;5,09;4,85;380,72M;-1,18%;AKBNK
16.08.2020;5,07;4,92;5,22;4,89;659,54M;2,84%;AKBNK
09.08.2020;4,93;4,72;5,13;4,68;754,07M;3,57%;AKBNK
02.08.2020;4,76;5,30;5,32;4,53;776,11M;-9,16%;AKBNK
26.07.2020;5,24;5,80;5,81;5,21;291,53M;-9,34%;AKBNK
19.07.2020;5,78;5,81;5,93;5,75;326,60M;-0,69%;AKBNK
12.07.2020;5,82;5,80;5,90;5,76;292,18M;1,22%;AKBNK
05.07.2020;5,75;5,97;6,14;5,66;558,72M;-2,54%;AKBNK
28.06.2020;5,90;5,90;6,17;5,86;555,35M;0,17%;AKBNK
21.06.2020;5,89;6,11;6,22;5,87;496,71M;-1,67%;AKBNK
14.06.2020;5,99;5,77;6,01;5,73;418,78M;3,10%;AKBNK
07.06.2020;5,81;5,94;5,99;5,74;322,98M;-1,86%;AKBNK
31.05.2020;5,92;5,75;5,92;5,71;380,95M;4,04%;AKBNK
24.05.2020;5,69;5,61;5,71;5,57;311,14M;3,08%;AKBNK
17.05.2020;5,52;5,50;5,55;5,46;221,94M;1,47%;AKBNK
10.05.2020;5,44;5,59;5,63;5,41;323,66M;-2,16%;AKBNK
03.05.2020;5,56;5,80;5,81;5,56;262,32M;-5,60%;AKBNK
26.04.2020;5,89;5,85;6,07;5,82;225,19M;2,61%;AKBNK
19.04.2020;5,74;5,81;5,84;5,65;162,43M;-0,86%;AKBNK
12.04.2020;5,79;5,97;6,14;5,60;393,86M;-5,39%;AKBNK
05.04.2020;6,12;5,53;6,25;5,46;306,34M;12,92%;AKBNK
29.03.2020;5,42;5,51;5,70;5,38;255,63M;-1,99%;AKBNK
22.03.2020;5,53;5,30;5,91;5,05;318,77M;0,18%;AKBNK
15.03.2020;5,52;6,11;6,25;5,50;194,63M;-14,42%;AKBNK
08.03.2020;6,45;7,10;7,22;6,24;165,77M;-11,52%;AKBNK
01.03.2020;7,29;6,97;7,62;6,81;178,23M;7,84%;AKBNK
23.02.2020;6,76;7,50;7,63;6,25;175,39M;-12,09%;AKBNK
16.02.2020;7,69;8,20;8,20;7,55;140,98M;-5,06%;AKBNK
09.02.2020;8,10;8,37;8,43;8,03;198,55M;-3,91%;AKBNK
02.02.2020;8,43;8,31;8,84;8,24;173,60M;2,06%;AKBNK
26.01.2020;8,26;8,56;8,69;8,20;161,64M;-5,71%;AKBNK
19.01.2020;8,76;8,85;8,99;8,58;163,40M;-0,68%;AKBNK
12.01.2020;8,82;8,82;8,95;8,62;193,91M;1,50%;AKBNK
05.01.2020;8,69;7,81;8,77;7,66;166,89M;9,45%;AKBNK
29.12.2019;7,94;8,24;8,33;7,90;86,93M;-3,41%;AKBNK
22.12.2019;8,22;8,15;8,37;8,11;43,30M;1,11%;AKBNK
15.12.2019;8,13;8,02;8,31;7,95;116,81M;1,37%;AKBNK
06.12.2020;24,100;23,700;25,560;23,700;1,74M;1,18%;DEVA
29.11.2020;23,820;24,100;26,360;23,700;30,32M;-0,67%;DEVA
22.11.2020;23,980;23,900;24,700;22,960;18,65M;0,67%;DEVA
15.11.2020;23,820;23,960;25,060;23,280;16,46M;0,17%;DEVA
08.11.2020;23,780;25,600;25,620;23,000;29,87M;1,62%;DEVA
01.11.2020;23,400;21,740;24,800;21,500;26,42M;8,84%;DEVA
25.10.2020;21,500;23,180;26,340;20,940;54,70M;-6,11%;DEVA
18.10.2020;22,900;20,520;23,720;20,480;38,88M;13,25%;DEVA
11.10.2020;20,220;19,830;21,680;19,740;30,70M;2,28%;DEVA
04.10.2020;19,770;18,680;20,220;18,600;18,81M;6,63%;DEVA
27.09.2020;18,540;18,760;18,920;18,280;11,76M;-1,17%;DEVA
20.09.2020;18,760;19,310;19,410;18,720;9,30M;-3,00%;DEVA
13.09.2020;19,340;19,190;20,240;19,090;21,46M;1,42%;DEVA
06.09.2020;19,070;18,730;19,500;18,700;20,06M;1,87%;DEVA
30.08.2020;18,720;19,510;21,060;18,620;29,84M;-2,80%;DEVA
23.08.2020;19,260;19,760;19,980;18,980;17,09M;-2,43%;DEVA
16.08.2020;19,740;21,680;22,300;19,580;22,30M;-12,96%;DEVA
09.08.2020;22,680;21,400;23,300;21,020;34,44M;6,68%;DEVA
02.08.2020;21,260;21,120;23,780;18,900;43,65M;0,66%;DEVA
26.07.2020;21,120;20,500;22,880;18,960;23,48M;3,63%;DEVA
19.07.2020;20,380;20,300;21,380;19,700;14,00M;0,79%;DEVA
12.07.2020;20,220;19,520;20,520;19,310;7,79M;5,31%;DEVA
05.07.2020;19,200;20,060;20,700;18,940;12,89M;-3,27%;DEVA
28.06.2020;19,850;19,050;20,660;19,000;17,05M;4,20%;DEVA
21.06.2020;19,050;19,450;20,200;18,770;15,93M;-1,30%;DEVA
14.06.2020;19,300;18,430;21,880;18,220;41,72M;6,63%;DEVA
07.06.2020;18,100;18,450;19,170;17,700;15,25M;-1,36%;DEVA
31.05.2020;18,350;18,780;19,900;18,110;8,52M;-2,29%;DEVA
24.05.2020;18,780;17,980;19,150;17,700;3,48M;5,80%;DEVA
17.05.2020;17,750;18,800;18,830;17,040;5,19M;-6,08%;DEVA
10.05.2020;18,900;15,840;20,840;15,840;10,67M;31,25%;DEVA
03.05.2020;14,400;14,580;16,030;13,130;12,43M;-11,11%;DEVA
26.04.2020;16,200;15,770;19,070;15,770;17,43M;12,19%;DEVA
19.04.2020;14,440;10,880;14,440;10,730;45,32M;32,97%;DEVA
12.04.2020;10,860;10,120;11,640;9,770;38,55M;7,31%;DEVA
05.04.2020;10,120;10,140;10,550;9,700;30,06M;1,00%;DEVA
29.03.2020;10,020;11,400;11,690;9,510;42,99M;-10,30%;DEVA
22.03.2020;11,170;8,480;12,520;8,100;79,86M;31,41%;DEVA
15.03.2020;8,500;9,920;10,120;7,000;31,50M;-11,18%;DEVA
08.03.2020;9,570;9,700;11,920;8,250;81,22M;-0,62%;DEVA
01.03.2020;9,630;9,500;10,060;9,220;4,05M;3,10%;DEVA
23.02.2020;9,340;10,600;10,810;8,110;4,10M;-12,95%;DEVA
16.02.2020;10,730;11,360;11,480;10,240;5,73M;-4,96%;DEVA
09.02.2020;11,290;11,360;11,450;10,620;6,28M;-0,79%;DEVA
02.02.2020;11,380;11,250;11,800;11,040;7,47M;1,43%;DEVA
26.01.2020;11,220;10,600;11,440;10,550;10,50M;5,95%;DEVA
19.01.2020;10,590;9,300;10,710;9,240;9,16M;15,11%;DEVA
12.01.2020;9,200;8,900;9,450;8,870;6,13M;4,31%;DEVA
05.01.2020;8,820;8,760;9,000;8,310;4,25M;0,46%;DEVA
29.12.2019;8,780;9,000;9,220;8,540;3,54M;-1,79%;DEVA
22.12.2019;8,940;8,340;9,080;8,260;5,33M;7,19%;DEVA
15.12.2019;8,340;8,630;8,700;8,060;4,04M;-3,14%;DEVA
06.12.2020;2,620;2,680;2,690;2,560;11,75M;-2,24%;DGKLB
29.11.2020;2,680;2,650;2,720;2,570;131,71M;-0,37%;DGKLB
22.11.2020;2,690;2,670;2,760;2,570;166,65M;1,13%;DGKLB
15.11.2020;2,660;2,720;2,750;2,540;151,15M;-0,75%;DGKLB
08.11.2020;2,680;2,730;2,820;2,550;187,42M;-0,74%;DGKLB
01.11.2020;2,700;2,530;2,760;2,490;149,17M;7,14%;DGKLB
25.10.2020;2,520;2,840;2,840;2,410;98,86M;-12,20%;DGKLB
18.10.2020;2,870;2,720;3,380;2,720;513,10M;6,30%;DGKLB
11.10.2020;2,700;2,640;2,800;2,630;181,65M;3,05%;DGKLB
04.10.2020;2,620;2,460;2,660;2,440;147,09M;6,07%;DGKLB
27.09.2020;2,470;2,460;2,530;2,410;84,61M;0,00%;DGKLB
20.09.2020;2,470;2,610;2,610;2,470;129,51M;-5,36%;DGKLB
13.09.2020;2,610;2,680;3,000;2,590;360,12M;-1,88%;DGKLB
06.09.2020;2,660;2,660;2,920;2,600;162,16M;0,76%;DGKLB
30.08.2020;2,640;2,660;2,740;2,490;93,06M;-0,38%;DGKLB
23.08.2020;2,650;2,480;2,820;2,470;38,02M;6,85%;DGKLB
16.08.2020;2,480;2,700;2,710;2,470;19,99M;-8,82%;DGKLB
09.08.2020;2,720;2,880;3,140;2,430;243,18M;-5,23%;DGKLB
02.08.2020;2,870;2,860;3,070;2,370;412,70M;2,50%;DGKLB
26.07.2020;2,800;2,650;2,860;2,550;233,08M;6,46%;DGKLB
19.07.2020;2,630;2,870;3,140;2,560;269,15M;-8,04%;DGKLB
12.07.2020;2,860;2,570;3,020;2,570;228,23M;17,21%;DGKLB
05.07.2020;2,440;2,840;2,860;2,260;204,16M;-13,17%;DGKLB
28.06.2020;2,810;2,530;2,930;2,520;484,13M;12,40%;DGKLB
21.06.2020;2,500;2,120;2,610;2,120;421,51M;21,36%;DGKLB
14.06.2020;2,060;2,000;2,150;1,980;128,44M;1,98%;DGKLB
07.06.2020;2,020;2,010;2,110;1,970;126,02M;0,50%;DGKLB
31.05.2020;2,010;1,960;2,190;1,940;174,59M;3,61%;DGKLB
24.05.2020;1,940;1,910;2,030;1,890;138,18M;3,74%;DGKLB
17.05.2020;1,870;1,890;1,930;1,840;76,11M;0,54%;DGKLB
10.05.2020;1,860;1,820;1,940;1,750;192,90M;3,91%;DGKLB
03.05.2020;1,790;1,620;1,910;1,590;198,47M;8,48%;DGKLB
26.04.2020;1,650;1,530;1,770;1,530;174,16M;9,27%;DGKLB
19.04.2020;1,510;1,490;1,560;1,460;80,34M;3,42%;DGKLB
12.04.2020;1,460;1,370;1,570;1,370;172,49M;3,55%;DGKLB
05.04.2020;1,410;1,300;1,450;1,280;137,00M;11,02%;DGKLB
29.03.2020;1,270;1,190;1,330;1,140;139,67M;10,43%;DGKLB
22.03.2020;1,150;1,020;1,260;0,990;128,05M;8,49%;DGKLB
15.03.2020;1,060;1,130;1,200;0,990;62,86M;-13,11%;DGKLB
08.03.2020;1,220;1,840;1,870;1,050;119,82M;-36,79%;DGKLB
01.03.2020;1,930;1,900;2,130;1,860;142,20M;7,22%;DGKLB
23.02.2020;1,800;2,070;2,160;1,520;152,42M;-15,89%;DGKLB
16.02.2020;2,140;2,270;2,320;1,940;110,30M;-5,31%;DGKLB
09.02.2020;2,260;2,300;2,380;2,030;128,87M;-1,74%;DGKLB
02.02.2020;2,300;2,150;2,620;2,100;234,96M;8,49%;DGKLB
26.01.2020;2,120;2,060;2,390;2,040;290,77M;1,44%;DGKLB
19.01.2020;2,090;1,790;2,170;1,760;358,19M;18,08%;DGKLB
12.01.2020;1,770;1,700;1,790;1,670;156,31M;5,99%;DGKLB
05.01.2020;1,670;1,650;1,700;1,510;121,76M;-0,60%;DGKLB
29.12.2019;1,680;1,610;1,770;1,610;137,19M;5,00%;DGKLB
22.12.2019;1,600;1,730;1,740;1,550;116,85M;-7,51%;DGKLB
15.12.2019;1,730;1,720;1,830;1,700;132,04M;1,17%;DGKLB
06.12.2020;7,090;7,040;7,530;7,030;17,08M;1,14%;ECILC
29.11.2020;7,010;6,970;7,490;6,970;283,74M;1,30%;ECILC
22.11.2020;6,920;6,920;7,150;6,760;194,58M;0,44%;ECILC
15.11.2020;6,890;6,940;7,200;6,780;151,18M;0,00%;ECILC
08.11.2020;6,890;7,180;7,230;6,570;144,38M;-3,37%;ECILC
01.11.2020;7,130;6,600;7,330;6,530;307,78M;8,52%;ECILC
25.10.2020;6,570;7,240;7,740;6,480;344,39M;-8,11%;ECILC
18.10.2020;7,150;7,010;7,300;6,930;194,57M;2,58%;ECILC
11.10.2020;6,970;6,760;7,590;6,700;440,51M;3,57%;ECILC
04.10.2020;6,730;6,750;6,890;6,640;105,44M;0,00%;ECILC
27.09.2020;6,730;6,670;7,030;6,620;110,82M;0,60%;ECILC
20.09.2020;6,690;6,640;6,820;6,580;88,05M;1,06%;ECILC
13.09.2020;6,620;6,650;7,050;6,610;218,90M;0,00%;ECILC
06.09.2020;6,620;6,180;6,740;6,180;168,63M;7,82%;ECILC
30.08.2020;6,140;5,770;6,350;5,740;157,18M;6,41%;ECILC
23.08.2020;5,770;5,790;5,920;5,600;83,72M;0,17%;ECILC
16.08.2020;5,760;5,760;5,880;5,630;70,83M;0,17%;ECILC
09.08.2020;5,750;5,880;6,100;5,700;157,76M;-2,71%;ECILC
02.08.2020;5,910;6,380;6,440;5,510;248,96M;-6,34%;ECILC
26.07.2020;6,310;6,330;6,600;5,940;162,00M;0,48%;ECILC
19.07.2020;6,280;6,390;6,740;6,260;122,93M;-1,72%;ECILC
12.07.2020;6,390;6,320;6,680;6,270;84,51M;2,57%;ECILC
05.07.2020;6,230;6,470;7,100;6,080;222,31M;-2,96%;ECILC
28.06.2020;6,420;6,170;6,690;6,100;207,48M;4,39%;ECILC
21.06.2020;6,150;5,970;6,510;5,860;248,64M;3,54%;ECILC
14.06.2020;5,940;5,980;6,580;5,910;347,68M;1,54%;ECILC
07.06.2020;5,850;5,660;6,110;5,580;215,36M;3,36%;ECILC
31.05.2020;5,660;5,650;5,850;5,600;181,50M;0,71%;ECILC
24.05.2020;5,620;5,820;5,950;5,580;84,81M;-1,40%;ECILC
17.05.2020;5,700;6,040;6,110;5,530;206,13M;-1,21%;ECILC
10.05.2020;5,770;4,700;6,550;4,650;614,83M;28,51%;ECILC
03.05.2020;4,490;4,750;4,940;4,480;124,66M;-6,07%;ECILC
26.04.2020;4,780;4,950;5,360;4,670;491,20M;-0,83%;ECILC
19.04.2020;4,820;4,590;5,020;4,490;491,59M;5,47%;ECILC
12.04.2020;4,570;4,408;4,940;4,270;451,24M;1,78%;ECILC
05.04.2020;4,490;4,530;4,670;4,220;289,97M;0,67%;ECILC
29.03.2020;4,460;5,190;5,340;4,180;399,21M;-12,20%;ECILC
22.03.2020;5,080;3,350;5,290;3,340;311,02M;53,01%;ECILC
15.03.2020;3,320;4,270;4,330;2,930;251,23M;-18,23%;ECILC
08.03.2020;4,060;3,720;4,880;3,330;269,11M;5,45%;ECILC
01.03.2020;3,850;3,910;4,070;3,750;40,83M;0,79%;ECILC
23.02.2020;3,820;4,050;4,310;3,150;64,05M;-6,83%;ECILC
16.02.2020;4,100;4,350;4,450;3,970;90,32M;-4,87%;ECILC
09.02.2020;4,310;4,150;4,320;3,940;77,30M;3,61%;ECILC
02.02.2020;4,160;4,180;4,310;4,150;89,26M;-0,48%;ECILC
26.01.2020;4,180;4,140;4,350;4,050;126,09M;-0,24%;ECILC
19.01.2020;4,190;3,980;4,300;3,960;185,71M;5,54%;ECILC
12.01.2020;3,970;3,960;4,020;3,840;126,59M;1,28%;ECILC
05.01.2020;3,920;3,610;3,950;3,530;75,05M;6,81%;ECILC
29.12.2019;3,670;3,690;3,790;3,560;51,85M;-0,27%;ECILC
22.12.2019;3,680;3,690;3,850;3,660;97,35M;-0,27%;ECILC
15.12.2019;3,690;3,720;3,830;3,560;117,48M;-0,27%;ECILC
06.12.2020;11,12;11,00;11,33;10,79;6,09M;1,09%;ENJSA
29.11.2020;11,00;10,60;11,15;10,51;28,15M;3,77%;ENJSA
22.11.2020;10,60;9,95;10,64;9,95;36,78M;6,64%;ENJSA
15.11.2020;9,94;10,28;10,33;9,60;42,10M;-1,78%;ENJSA
08.11.2020;10,12;9,92;10,12;9,68;24,77M;2,95%;ENJSA
01.11.2020;9,83;8,99;9,91;8,99;24,93M;9,34%;ENJSA
25.10.2020;8,99;9,49;9,49;8,43;12,56M;-5,37%;ENJSA
18.10.2020;9,50;9,44;9,75;9,26;19,02M;0,74%;ENJSA
11.10.2020;9,43;9,41;9,68;9,21;21,17M;1,18%;ENJSA
04.10.2020;9,32;8,89;9,47;8,80;20,11M;5,43%;ENJSA
27.09.2020;8,84;8,69;9,04;8,62;12,33M;2,08%;ENJSA
20.09.2020;8,66;8,72;8,89;8,59;10,35M;-0,46%;ENJSA
13.09.2020;8,70;8,53;8,85;8,44;17,20M;1,99%;ENJSA
06.09.2020;8,53;8,21;8,75;8,13;19,34M;4,15%;ENJSA
30.08.2020;8,19;8,13;8,41;8,01;12,44M;0,74%;ENJSA
23.08.2020;8,13;8,48;8,54;8,08;12,33M;-4,13%;ENJSA
16.08.2020;8,48;8,63;9,10;8,35;39,96M;-1,74%;ENJSA
09.08.2020;8,63;8,50;9,00;8,40;16,64M;1,41%;ENJSA
02.08.2020;8,51;8,45;8,85;7,96;20,80M;2,65%;ENJSA
26.07.2020;8,29;8,48;8,74;8,29;17,13M;-1,89%;ENJSA
19.07.2020;8,45;8,76;8,85;8,39;12,74M;-3,54%;ENJSA
12.07.2020;8,76;8,70;8,87;8,61;12,00M;1,74%;ENJSA
05.07.2020;8,61;8,74;9,11;8,22;25,71M;-0,12%;ENJSA
28.06.2020;8,62;8,32;8,81;8,29;27,06M;3,73%;ENJSA
21.06.2020;8,31;8,22;8,48;8,20;21,32M;0,73%;ENJSA
14.06.2020;8,25;8,20;8,44;8,16;24,05M;-0,60%;ENJSA
07.06.2020;8,30;8,35;8,42;8,05;24,21M;-0,60%;ENJSA
31.05.2020;8,35;8,12;8,49;7,97;27,09M;2,83%;ENJSA
24.05.2020;8,12;8,15;8,24;7,82;15,83M;0,87%;ENJSA
17.05.2020;8,05;7,98;8,33;7,87;32,16M;2,68%;ENJSA
10.05.2020;7,84;7,48;7,89;7,40;37,75M;5,09%;ENJSA
03.05.2020;7,46;7,60;7,80;7,24;47,79M;-3,12%;ENJSA
26.04.2020;7,70;6,99;7,82;6,79;58,57M;11,59%;ENJSA
19.04.2020;6,90;6,41;7,11;6,24;40,54M;8,32%;ENJSA
12.04.2020;6,37;6,28;6,48;6,18;26,15M;0,79%;ENJSA
05.04.2020;6,32;6,46;6,58;6,14;34,39M;-1,56%;ENJSA
29.03.2020;6,42;5,70;6,49;5,64;29,90M;3,38%;ENJSA
22.03.2020;6,21;6,20;7,00;6,18;19,49M;-8,41%;ENJSA
15.03.2020;6,78;7,00;7,23;6,58;10,58M;-5,17%;ENJSA
08.03.2020;7,15;7,75;8,23;6,70;13,76M;-11,07%;ENJSA
01.03.2020;8,04;7,91;8,74;7,85;13,23M;3,21%;ENJSA
23.02.2020;7,79;8,22;8,29;6,88;17,31M;-5,46%;ENJSA
16.02.2020;8,24;8,61;8,76;7,93;27,92M;-3,51%;ENJSA
09.02.2020;8,54;8,30;8,90;7,76;40,88M;2,40%;ENJSA
02.02.2020;8,34;8,13;8,77;8,08;24,25M;2,84%;ENJSA
26.01.2020;8,11;7,96;8,20;7,76;16,25M;1,88%;ENJSA
19.01.2020;7,96;7,73;8,01;7,64;14,06M;3,11%;ENJSA
12.01.2020;7,72;7,95;8,04;7,67;13,23M;-1,91%;ENJSA
05.01.2020;7,87;7,29;7,88;6,94;14,58M;7,66%;ENJSA
29.12.2019;7,31;7,57;7,59;7,15;7,93M;-3,18%;ENJSA
22.12.2019;7,55;7,69;7,90;7,47;8,25M;-1,82%;ENJSA
15.12.2019;7,69;7,68;7,82;7,57;9,64M;0,26%;ENJSA
06.12.2020;7,210;7,140;7,330;7,100;5,36M;0,98%;ENKAI
29.11.2020;7,140;7,020;7,320;6,970;19,67M;1,28%;ENKAI
22.11.2020;7,050;7,220;7,280;7,040;14,36M;-2,22%;ENKAI
15.11.2020;7,210;7,300;7,400;7,170;14,31M;-0,96%;ENKAI
08.11.2020;7,280;7,690;7,820;7,210;21,23M;-4,21%;ENKAI
01.11.2020;7,600;7,210;7,660;7,150;26,35M;5,41%;ENKAI
25.10.2020;7,210;7,100;7,320;6,970;17,11M;0,84%;ENKAI
18.10.2020;7,150;7,250;7,340;7,100;16,43M;-0,56%;ENKAI
11.10.2020;7,190;7,150;7,320;7,000;17,09M;0,56%;ENKAI
04.10.2020;7,150;6,930;7,340;6,900;23,47M;3,92%;ENKAI
27.09.2020;6,880;6,750;7,100;6,690;15,14M;1,93%;ENKAI
20.09.2020;6,750;7,180;7,180;6,690;17,61M;-6,25%;ENKAI
13.09.2020;7,200;6,670;7,200;6,650;15,67M;8,11%;ENKAI
06.09.2020;6,660;6,600;6,760;6,600;10,52M;1,06%;ENKAI
30.08.2020;6,590;6,490;6,670;6,370;15,54M;1,54%;ENKAI
23.08.2020;6,490;6,620;6,660;6,480;19,66M;-1,96%;ENKAI
16.08.2020;6,620;6,490;7,130;6,420;43,12M;2,64%;ENKAI
09.08.2020;6,450;6,280;6,800;6,180;51,02M;0,94%;ENKAI
02.08.2020;6,390;6,600;6,600;5,830;32,21M;-1,54%;ENKAI
26.07.2020;6,490;6,520;6,580;6,160;29,00M;0,62%;ENKAI
19.07.2020;6,450;6,320;6,880;6,190;82,90M;2,22%;ENKAI
12.07.2020;6,310;6,120;6,450;6,040;28,64M;5,70%;ENKAI
05.07.2020;5,970;6,280;6,710;5,760;60,61M;-4,02%;ENKAI
28.06.2020;6,220;6,130;6,420;6,090;33,58M;1,14%;ENKAI
21.06.2020;6,150;5,990;6,510;5,940;68,14M;4,24%;ENKAI
14.06.2020;5,900;5,560;6,010;5,530;54,58M;5,92%;ENKAI
07.06.2020;5,570;5,530;5,640;5,500;32,57M;1,09%;ENKAI
31.05.2020;5,510;5,500;5,550;5,420;16,66M;0,36%;ENKAI
24.05.2020;5,490;5,560;5,730;5,490;9,51M;0,14%;ENKAI
17.05.2020;5,482;5,598;5,598;5,446;7,29M;-0,81%;ENKAI
10.05.2020;5,527;5,554;5,679;5,491;8,83M;-0,32%;ENKAI
03.05.2020;5,545;5,393;5,607;5,357;7,72M;2,64%;ENKAI
26.04.2020;5,402;5,679;5,705;5,402;6,49M;-3,97%;ENKAI
19.04.2020;5,625;5,804;5,929;5,562;9,08M;-2,78%;ENKAI
12.04.2020;5,786;5,652;6,107;5,321;14,24M;2,37%;ENKAI
05.04.2020;5,652;5,217;5,695;5,217;6,93M;9,06%;ENKAI
29.03.2020;5,182;4,921;5,504;4,869;6,43M;4,75%;ENKAI
22.03.2020;4,947;4,939;5,278;4,852;9,42M;0,18%;ENKAI
15.03.2020;4,939;5,078;5,086;4,834;10,62M;-3,73%;ENKAI
08.03.2020;5,130;5,738;5,738;4,765;13,11M;-12,98%;ENKAI
01.03.2020;5,895;5,634;6,330;5,425;12,72M;5,44%;ENKAI
23.02.2020;5,591;5,730;5,912;5,095;12,67M;-3,02%;ENKAI
16.02.2020;5,765;5,869;6,034;5,591;14,10M;-1,34%;ENKAI
09.02.2020;5,843;5,921;5,921;5,573;13,37M;-1,47%;ENKAI
02.02.2020;5,930;6,191;6,191;5,886;12,20M;-3,26%;ENKAI
26.01.2020;6,130;5,808;6,147;5,747;12,51M;5,54%;ENKAI
19.01.2020;5,808;5,643;5,886;5,643;11,26M;2,45%;ENKAI
12.01.2020;5,669;5,599;5,808;5,599;10,28M;1,40%;ENKAI
05.01.2020;5,591;5,530;5,695;5,399;8,72M;0,31%;ENKAI
29.12.2019;5,573;5,478;5,652;5,469;8,14M;2,07%;ENKAI
22.12.2019;5,460;5,365;5,538;5,330;10,00M;-11,50%;ENKAI
15.12.2019;6,170;6,100;6,320;6,030;17,06M;1,65%;ENKAI
06.12.2020;33,44;33,00;35,98;31,52;1,27M;1,83%;GOLTS
29.11.2020;32,84;30,08;34,14;27,30;9,71M;8,81%;GOLTS
22.11.2020;30,18;26,00;31,40;25,00;14,32M;19,67%;GOLTS
15.11.2020;25,22;23,44;25,22;22,02;3,11M;10,13%;GOLTS
08.11.2020;22,90;23,64;24,90;22,70;2,99M;-1,72%;GOLTS
01.11.2020;23,30;22,98;23,70;21,52;2,69M;2,28%;GOLTS
25.10.2020;22,78;26,36;26,88;22,04;3,76M;-13,32%;GOLTS
18.10.2020;26,28;26,56;26,98;25,06;4,86M;4,62%;GOLTS
11.10.2020;25,12;25,54;27,96;25,04;4,98M;-1,41%;GOLTS
04.10.2020;25,48;24,78;26,48;24,72;3,27M;4,00%;GOLTS
27.09.2020;24,50;25,18;25,42;23,84;2,86M;-2,31%;GOLTS
20.09.2020;25,08;25,80;26,00;23,38;3,15M;-2,03%;GOLTS
13.09.2020;25,60;26,34;28,50;25,38;5,95M;-3,03%;GOLTS
06.09.2020;26,40;22,48;26,90;22,48;6,59M;18,81%;GOLTS
30.08.2020;22,22;21,54;24,10;20,62;4,47M;6,01%;GOLTS
23.08.2020;20,96;20,00;21,10;19,73;1,50M;5,33%;GOLTS
16.08.2020;19,90;19,64;20,62;19,62;1,69M;1,43%;GOLTS
09.08.2020;19,62;17,90;21,70;17,44;2,55M;9,00%;GOLTS
02.08.2020;18,00;21,40;21,50;15,49;2,07M;-14,61%;GOLTS
26.07.2020;21,08;23,36;24,32;20,80;2,69M;-7,95%;GOLTS
19.07.2020;22,90;21,60;24,00;20,78;5,62M;6,51%;GOLTS
12.07.2020;21,50;19,12;22,46;19,12;2,42M;14,61%;GOLTS
05.07.2020;18,76;19,00;20,82;18,06;2,87M;-0,21%;GOLTS
28.06.2020;18,80;17,33;19,20;17,24;3,63M;8,55%;GOLTS
21.06.2020;17,32;17,17;17,50;17,01;1,74M;1,41%;GOLTS
14.06.2020;17,08;16,65;17,52;16,62;2,39M;1,67%;GOLTS
07.06.2020;16,80;16,52;17,24;16,34;2,61M;2,07%;GOLTS
31.05.2020;16,46;15,50;16,92;15,44;3,39M;6,68%;GOLTS
24.05.2020;15,43;15,94;16,45;15,27;1,26M;-2,09%;GOLTS
17.05.2020;15,76;15,35;16,25;15,25;2,16M;3,75%;GOLTS
10.05.2020;15,19;14,80;16,30;14,29;3,49M;3,69%;GOLTS
03.05.2020;14,65;15,60;16,98;14,20;7,08M;-6,21%;GOLTS
26.04.2020;15,62;13,33;15,62;13,33;3,76M;18,24%;GOLTS
19.04.2020;13,21;12,74;13,31;12,66;1,37M;4,26%;GOLTS
12.04.2020;12,67;12,53;13,04;12,30;1,99M;0,88%;GOLTS
05.04.2020;12,56;11,73;12,71;11,64;2,92M;9,03%;GOLTS
29.03.2020;11,52;10,35;12,00;10,26;2,77M;9,71%;GOLTS
22.03.2020;10,50;10,00;11,18;9,58;2,38M;4,27%;GOLTS
15.03.2020;10,07;10,70;10,92;9,28;849,56K;-9,52%;GOLTS
08.03.2020;11,13;13,59;13,59;10,33;1,07M;-19,41%;GOLTS
01.03.2020;13,81;14,05;14,85;13,71;692,16K;-1,00%;GOLTS
23.02.2020;13,95;15,80;16,08;11,91;1,01M;-12,37%;GOLTS
16.02.2020;15,92;17,32;17,55;15,29;1,16M;-7,55%;GOLTS
09.02.2020;17,22;18,35;18,37;16,85;934,27K;-5,33%;GOLTS
02.02.2020;18,19;18,30;19,10;17,97;905,07K;-0,60%;GOLTS
26.01.2020;18,30;17,90;19,50;17,86;2,01M;0,05%;GOLTS
19.01.2020;18,29;18,25;19,05;18,01;1,12M;0,77%;GOLTS
12.01.2020;18,15;17,26;18,74;17,26;1,90M;5,65%;GOLTS
05.01.2020;17,18;16,74;17,50;15,72;1,34M;1,30%;GOLTS
29.12.2019;16,96;17,60;18,20;16,55;1,69M;-3,31%;GOLTS
22.12.2019;17,54;17,06;17,84;17,03;1,33M;3,79%;GOLTS
15.12.2019;16,90;17,77;18,11;16,61;1,40M;-3,59%;GOLTS
06.12.2020;1,270;1,300;1,320;1,260;72,86M;-2,31%;IHLGM
29.11.2020;1,300;1,290;1,360;1,270;699,89M;0,00%;IHLGM
22.11.2020;1,300;1,250;1,340;1,240;802,35M;4,00%;IHLGM
15.11.2020;1,250;1,280;1,290;1,220;370,99M;-0,79%;IHLGM
08.11.2020;1,260;1,270;1,330;1,220;503,04M;0,80%;IHLGM
01.11.2020;1,250;1,210;1,310;1,190;747,35M;3,31%;IHLGM
25.10.2020;1,210;1,350;1,350;1,120;406,41M;-11,03%;IHLGM
18.10.2020;1,360;1,460;1,490;1,330;669,00M;-21,84%;IHLGM
11.10.2020;1,740;1,570;1,740;1,550;725,80M;11,54%;IHLGM
04.10.2020;1,560;1,450;1,600;1,440;496,16M;8,33%;IHLGM
27.09.2020;1,440;1,470;1,480;1,410;246,83M;-1,37%;IHLGM
20.09.2020;1,460;1,450;1,580;1,380;531,24M;1,39%;IHLGM
13.09.2020;1,440;1,550;1,550;1,420;405,38M;-7,10%;IHLGM
06.09.2020;1,550;1,410;1,590;1,400;813,80M;10,71%;IHLGM
30.08.2020;1,400;1,480;1,480;1,360;468,05M;-5,41%;IHLGM
23.08.2020;1,480;1,570;1,600;1,450;307,72M;-5,13%;IHLGM
16.08.2020;1,560;1,480;1,650;1,460;111,55M;4,70%;IHLGM
09.08.2020;1,490;1,350;1,590;1,340;99,80M;2,76%;IHLGM
02.08.2020;1,450;1,740;1,750;1,280;345,74M;-14,71%;IHLGM
26.07.2020;1,700;1,780;1,900;1,610;1,06B;-3,95%;IHLGM
19.07.2020;1,770;1,810;1,840;1,710;774,18M;-2,21%;IHLGM
12.07.2020;1,810;1,700;1,880;1,690;805,84M;9,70%;IHLGM
05.07.2020;1,650;1,710;1,970;1,540;1,59B;-1,79%;IHLGM
28.06.2020;1,680;1,610;1,740;1,600;1,23B;5,00%;IHLGM
21.06.2020;1,600;1,520;1,660;1,480;1,17B;6,67%;IHLGM
14.06.2020;1,500;1,530;1,650;1,500;884,06M;-3,85%;IHLGM
07.06.2020;1,560;1,320;1,670;1,310;1,50B;19,08%;IHLGM
31.05.2020;1,310;1,240;1,400;1,240;752,29M;6,50%;IHLGM
24.05.2020;1,230;1,230;1,280;1,210;313,59M;2,50%;IHLGM
17.05.2020;1,200;1,170;1,240;1,160;438,71M;4,35%;IHLGM
10.05.2020;1,150;1,100;1,230;1,090;877,96M;4,55%;IHLGM
03.05.2020;1,100;1,040;1,140;1,040;519,33M;2,80%;IHLGM
26.04.2020;1,070;1,070;1,120;1,040;482,71M;1,90%;IHLGM
19.04.2020;1,050;1,060;1,120;1,050;403,64M;0,00%;IHLGM
12.04.2020;1,050;1,030;1,120;0,980;794,71M;0,00%;IHLGM
05.04.2020;1,050;1,030;1,100;1,010;619,25M;5,00%;IHLGM
29.03.2020;1,000;0,890;1,140;0,850;886,83M;11,11%;IHLGM
22.03.2020;0,900;0,710;0,920;0,680;650,70M;20,00%;IHLGM
15.03.2020;0,750;0,900;0,920;0,730;442,79M;-21,05%;IHLGM
08.03.2020;0,950;1,260;1,370;0,820;913,99M;-26,92%;IHLGM
01.03.2020;1,300;1,270;1,390;1,240;543,12M;7,44%;IHLGM
23.02.2020;1,210;1,170;1,450;1,040;1,15B;-1,63%;IHLGM
16.02.2020;1,230;1,390;1,400;1,130;720,88M;-10,87%;IHLGM
09.02.2020;1,380;1,240;1,410;1,160;1,19B;12,20%;IHLGM
02.02.2020;1,230;1,140;1,260;1,130;683,75M;7,89%;IHLGM
26.01.2020;1,140;1,150;1,210;1,120;353,79M;-2,56%;IHLGM
19.01.2020;1,170;1,160;1,250;1,150;563,33M;2,63%;IHLGM
12.01.2020;1,140;1,140;1,160;1,070;290,90M;1,79%;IHLGM
05.01.2020;1,120;1,080;1,170;0,960;394,71M;0,00%;IHLGM
29.12.2019;1,120;1,090;1,260;1,080;758,43M;2,75%;IHLGM
22.12.2019;1,090;0,980;1,190;0,980;965,46M;12,37%;IHLGM
15.12.2019;0,970;0,870;0,970;0,860;363,83M;11,49%;IHLGM
06.12.2020;7,230;7,000;7,320;6,850;419,31M;3,29%;SISE
29.11.2020;7,000;6,800;7,060;6,590;778,81M;1,74%;SISE
22.11.2020;6,880;7,130;7,260;6,850;929,52M;-1,99%;SISE
15.11.2020;7,020;6,860;7,050;6,560;837,50M;3,08%;SISE
08.11.2020;6,810;6,690;6,990;6,670;943,70M;3,18%;SISE
01.11.2020;6,600;6,160;6,670;6,140;969,75M;7,67%;SISE
25.10.2020;6,130;6,750;6,750;6,110;494,78M;-9,99%;SISE
18.10.2020;6,810;6,810;7,060;6,760;925,01M;0,44%;SISE
11.10.2020;6,780;6,940;6,990;6,720;726,87M;-1,88%;SISE
04.10.2020;6,910;7,080;7,110;6,690;977,72M;-1,85%;SISE
27.09.2020;7,040;7,180;8,060;6,870;2,61B;-0,42%;SISE
20.09.2020;7,070;6,400;7,100;6,390;1,57B;10,64%;SISE
13.09.2020;6,390;6,240;6,480;6,240;555,29M;2,57%;SISE
06.09.2020;6,230;6,280;6,350;6,190;472,37M;-0,48%;SISE
30.08.2020;6,260;6,140;6,350;6,000;912,21M;1,95%;SISE
23.08.2020;6,140;6,210;6,420;5,950;747,92M;-0,97%;SISE
16.08.2020;6,200;6,000;6,370;5,890;647,30M;3,68%;SISE
09.08.2020;5,980;5,990;6,500;5,830;641,49M;-0,83%;SISE
02.08.2020;6,030;5,920;6,320;5,500;985,26M;4,51%;SISE
26.07.2020;5,770;6,480;6,500;5,740;294,24M;-10,68%;SISE
19.07.2020;6,460;6,220;6,680;6,180;688,25M;4,19%;SISE
12.07.2020;6,200;6,210;6,420;6,140;481,75M;1,31%;SISE
05.07.2020;6,120;6,040;6,820;5,860;1,57B;6,62%;SISE
28.06.2020;5,740;5,440;5,950;5,410;389,77M;5,51%;SISE
21.06.2020;5,440;5,220;5,620;5,200;330,98M;5,02%;SISE
14.06.2020;5,180;4,970;5,340;4,960;216,92M;3,39%;SISE
07.06.2020;5,010;5,120;5,170;4,940;103,22M;-1,96%;SISE
31.05.2020;5,110;4,890;5,180;4,880;111,65M;5,58%;SISE
24.05.2020;4,840;4,957;4,976;4,840;34,47M;-3,78%;SISE
17.05.2020;5,030;4,810;5,140;4,810;60,99M;5,01%;SISE
10.05.2020;4,790;4,810;4,950;4,740;42,05M;-0,21%;SISE
03.05.2020;4,800;4,790;4,890;4,760;53,12M;-1,03%;SISE
26.04.2020;4,850;5,180;5,240;4,780;79,38M;-6,37%;SISE
19.04.2020;5,180;4,910;5,310;4,880;76,76M;5,50%;SISE
12.04.2020;4,910;4,600;4,940;4,530;93,29M;6,51%;SISE
05.04.2020;4,610;4,260;4,650;4,210;111,27M;10,29%;SISE
29.03.2020;4,180;3,940;4,320;3,880;126,71M;5,82%;SISE
22.03.2020;3,950;3,740;4,070;3,690;156,35M;1,54%;SISE
15.03.2020;3,890;3,850;4,010;3,480;110,10M;-3,47%;SISE
08.03.2020;4,030;4,650;4,690;3,760;149,04M;-16,56%;SISE
01.03.2020;4,830;4,960;5,100;4,800;156,49M;0,00%;SISE
23.02.2020;4,830;5,100;5,250;4,450;219,93M;-6,94%;SISE
16.02.2020;5,190;5,510;5,520;5,100;254,44M;-5,12%;SISE
09.02.2020;5,470;5,520;5,610;5,330;356,80M;-1,08%;SISE
02.02.2020;5,530;5,640;5,830;5,500;579,72M;-0,54%;SISE
26.01.2020;5,560;5,110;5,750;4,920;714,80M;7,34%;SISE
19.01.2020;5,180;5,400;5,440;5,160;217,87M;-3,72%;SISE
12.01.2020;5,380;5,360;5,520;5,340;405,39M;1,32%;SISE
05.01.2020;5,310;5,240;5,340;4,960;292,19M;0,76%;SISE
29.12.2019;5,270;5,310;5,380;5,170;242,30M;-0,38%;SISE
22.12.2019;5,290;5,250;5,430;5,240;262,55M;1,15%;SISE
15.12.2019;5,230;5,020;5,260;4,980;301,05M;4,60%;SISE
06.12.2020;12,410;12,110;12,510;11,870;94,52M;1,97%;THYAO
29.11.2020;12,170;11,770;12,640;11,400;904,77M;2,01%;THYAO
22.11.2020;11,930;12,040;12,360;11,730;1,01B;0,42%;THYAO
15.11.2020;11,880;11,600;12,200;11,450;887,98M;3,30%;THYAO
08.11.2020;11,500;9,830;12,150;9,780;1,39B;18,43%;THYAO
01.11.2020;9,710;9,030;9,990;9,030;516,48M;7,65%;THYAO
25.10.2020;9,020;10,300;10,300;8,850;184,25M;-13,02%;THYAO
18.10.2020;10,370;10,560;10,700;10,320;216,02M;-1,71%;THYAO
11.10.2020;10,550;10,790;10,860;10,470;235,22M;-1,95%;THYAO
04.10.2020;10,760;10,700;10,820;10,550;234,18M;1,32%;THYAO
27.09.2020;10,620;10,460;10,990;10,240;493,03M;1,53%;THYAO
20.09.2020;10,460;10,590;10,680;10,270;207,90M;-1,78%;THYAO
13.09.2020;10,650;10,940;11,070;10,550;139,27M;-2,56%;THYAO
06.09.2020;10,930;10,550;11,080;10,530;316,18M;3,70%;THYAO
30.08.2020;10,540;10,990;11,010;10,290;251,68M;-4,18%;THYAO
23.08.2020;11,000;11,080;11,500;10,970;315,98M;-0,99%;THYAO
16.08.2020;11,110;11,140;11,530;10,930;235,31M;-0,27%;THYAO
09.08.2020;11,140;10,610;12,060;10,430;604,84M;3,63%;THYAO
02.08.2020;10,750;10,700;11,280;9,710;306,96M;0,56%;THYAO
26.07.2020;10,690;11,850;11,850;10,650;182,42M;-8,94%;THYAO
19.07.2020;11,740;11,900;12,010;11,690;297,45M;-1,59%;THYAO
12.07.2020;11,930;11,900;12,280;11,780;283,68M;0,85%;THYAO
05.07.2020;11,830;12,110;12,130;11,300;453,41M;-0,76%;THYAO
28.06.2020;11,920;12,480;12,650;11,870;388,10M;-4,41%;THYAO
21.06.2020;12,470;12,600;12,820;12,260;303,36M;-0,40%;THYAO
14.06.2020;12,520;12,640;12,770;12,420;262,68M;-1,88%;THYAO
07.06.2020;12,760;12,730;12,880;12,280;285,95M;0,31%;THYAO
31.05.2020;12,720;12,940;13,150;12,420;363,78M;0,95%;THYAO
24.05.2020;12,600;11,580;13,300;11,560;450,13M;12,40%;THYAO
17.05.2020;11,210;10,750;11,240;10,720;292,18M;5,95%;THYAO
10.05.2020;10,580;10,660;10,810;10,500;181,99M;-0,19%;THYAO
03.05.2020;10,600;10,500;10,930;10,450;206,88M;-0,84%;THYAO
26.04.2020;10,690;10,420;10,890;10,410;328,84M;4,09%;THYAO
19.04.2020;10,270;10,540;10,670;10,190;204,27M;-2,38%;THYAO
12.04.2020;10,520;9,770;11,280;9,670;780,02M;7,35%;THYAO
05.04.2020;9,800;9,090;9,960;9,060;497,15M;9,74%;THYAO
29.03.2020;8,930;8,690;9,300;8,350;336,67M;0,79%;THYAO
22.03.2020;8,860;7,600;9,560;7,470;661,31M;11,03%;THYAO
15.03.2020;7,980;8,510;8,770;7,410;520,30M;-12,69%;THYAO
08.03.2020;9,140;10,900;10,960;8,140;520,11M;-17,95%;THYAO
01.03.2020;11,140;11,980;12,220;11,100;478,23M;-5,19%;THYAO
23.02.2020;11,750;14,030;14,060;10,260;1,00B;-19,08%;THYAO
16.02.2020;14,520;15,110;15,330;14,170;594,34M;-2,48%;THYAO
09.02.2020;14,890;14,400;15,150;13,900;804,68M;2,90%;THYAO
02.02.2020;14,470;13,740;14,920;13,610;675,77M;5,77%;THYAO
26.01.2020;13,680;14,190;14,350;13,580;595,80M;-5,91%;THYAO
19.01.2020;14,540;15,080;15,250;14,240;619,32M;-3,26%;THYAO
12.01.2020;15,030;14,530;15,260;14,470;839,37M;4,38%;THYAO
05.01.2020;14,400;14,030;14,440;13,030;845,84M;0,98%;THYAO
29.12.2019;14,260;14,130;14,840;14,080;445,92M;2,22%;THYAO
22.12.2019;13,950;13,760;14,080;13,690;222,97M;1,38%;THYAO
15.12.2019;13,760;13,840;14,110;13,660;415,51M;-0,43%;THYAO
06.12.2020;7,94;7,83;8,09;7,67;25,31M;0,76%;TTKOM
29.11.2020;7,88;7,67;7,89;7,54;146,37M;2,74%;TTKOM
22.11.2020;7,67;8,18;8,29;7,64;135,61M;-5,31%;TTKOM
15.11.2020;8,10;8,09;8,22;7,42;227,96M;1,12%;TTKOM
08.11.2020;8,01;6,92;8,08;6,92;319,27M;17,97%;TTKOM
01.11.2020;6,79;6,43;6,93;6,43;146,60M;5,60%;TTKOM
25.10.2020;6,43;7,26;7,27;6,32;82,43M;-12,75%;TTKOM
18.10.2020;7,37;7,56;7,93;7,27;140,82M;-1,99%;TTKOM
11.10.2020;7,52;7,28;7,58;7,26;95,49M;3,58%;TTKOM
04.10.2020;7,26;7,18;7,44;7,09;89,45M;1,26%;TTKOM
27.09.2020;7,17;7,12;7,23;6,92;101,46M;0,70%;TTKOM
20.09.2020;7,12;6,84;7,16;6,69;125,12M;3,79%;TTKOM
13.09.2020;6,86;6,95;7,01;6,85;53,26M;-1,15%;TTKOM
06.09.2020;6,94;6,95;7,04;6,92;69,10M;0,14%;TTKOM
30.08.2020;6,93;6,90;7,15;6,74;104,98M;-0,14%;TTKOM
23.08.2020;6,94;7,12;7,15;6,79;128,40M;-2,39%;TTKOM
16.08.2020;7,11;6,99;7,27;6,71;257,60M;2,01%;TTKOM
09.08.2020;6,97;6,83;7,82;6,74;214,95M;0,14%;TTKOM
02.08.2020;6,96;7,35;7,48;6,49;114,94M;-3,87%;TTKOM
26.07.2020;7,24;7,93;8,14;7,24;95,13M;-9,95%;TTKOM
19.07.2020;8,04;8,32;8,36;7,96;105,76M;-3,37%;TTKOM
12.07.2020;8,32;8,01;8,32;8,00;76,62M;5,32%;TTKOM
05.07.2020;7,90;8,24;8,45;7,68;114,74M;-3,19%;TTKOM
28.06.2020;8,16;8,08;8,32;7,90;99,17M;0,87%;TTKOM
21.06.2020;8,09;7,82;8,21;7,77;121,73M;3,98%;TTKOM
14.06.2020;7,78;7,44;8,21;7,40;174,03M;3,32%;TTKOM
07.06.2020;7,53;7,72;7,78;7,36;59,61M;-2,08%;TTKOM
31.05.2020;7,69;7,50;7,72;7,47;73,07M;3,50%;TTKOM
24.05.2020;7,43;7,71;7,85;7,43;54,77M;-1,98%;TTKOM
17.05.2020;7,58;7,57;7,75;7,52;59,40M;1,47%;TTKOM
10.05.2020;7,47;6,99;7,63;6,90;183,41M;8,58%;TTKOM
03.05.2020;6,88;7,22;7,43;6,88;103,00M;-6,78%;TTKOM
26.04.2020;7,38;7,20;7,66;7,15;71,49M;4,24%;TTKOM
19.04.2020;7,08;6,83;7,23;6,78;68,72M;3,96%;TTKOM
12.04.2020;6,81;6,95;7,15;6,75;72,93M;-3,27%;TTKOM
05.04.2020;7,04;6,58;7,20;6,55;78,45M;8,47%;TTKOM
29.03.2020;6,49;6,53;6,81;6,44;53,37M;-1,07%;TTKOM
22.03.2020;6,56;6,00;7,13;5,81;117,17M;8,07%;TTKOM
15.03.2020;6,07;6,02;6,18;5,35;73,33M;-3,65%;TTKOM
08.03.2020;6,30;7,58;7,58;5,97;79,34M;-19,23%;TTKOM
01.03.2020;7,80;7,71;8,32;7,53;68,43M;3,59%;TTKOM
23.02.2020;7,53;8,56;8,64;6,83;92,82M;-13,05%;TTKOM
16.02.2020;8,66;8,30;8,68;8,10;105,37M;4,97%;TTKOM
09.02.2020;8,25;7,80;8,70;7,66;154,38M;5,10%;TTKOM
02.02.2020;7,85;7,75;8,18;7,68;58,62M;1,29%;TTKOM
26.01.2020;7,75;8,00;8,24;7,75;70,23M;-3,73%;TTKOM
19.01.2020;8,05;8,00;8,19;7,80;69,52M;0,63%;TTKOM
12.01.2020;8,00;7,91;8,32;7,88;74,54M;2,04%;TTKOM
05.01.2020;7,84;7,27;7,89;7,00;67,64M;7,84%;TTKOM
29.12.2019;7,27;7,37;7,50;7,20;34,86M;-1,22%;TTKOM
22.12.2019;7,36;7,16;7,48;7,13;34,45M;2,94%;TTKOM
15.12.2019;7,15;7,16;7,37;7,10;53,08M;-0,42%;TTKOM
06.12.2020;152,50;146,00;166,00;141,70;885,90K;4,81%;TTRAK
29.11.2020;145,50;140,30;145,50;135,50;1,59M;3,19%;TTRAK
22.11.2020;141,00;144,50;148,80;137,40;1,81M;-2,29%;TTRAK
15.11.2020;144,30;131,50;146,20;130,20;3,18M;11,09%;TTRAK
08.11.2020;129,90;131,40;136,20;123,50;3,59M;-0,08%;TTRAK
01.11.2020;130,00;112,90;131,40;110,40;4,68M;15,25%;TTRAK
25.10.2020;112,80;119,70;120,70;105,20;1,60M;-5,37%;TTRAK
18.10.2020;119,20;119,40;124,20;115,60;1,96M;-0,17%;TTRAK
11.10.2020;119,40;109,50;125,60;107,50;2,62M;11,69%;TTRAK
04.10.2020;106,90;101,50;106,90;99,90;1,69M;6,26%;TTRAK
27.09.2020;100,60;98,95;102,50;94,80;1,49M;3,18%;TTRAK
20.09.2020;97,50;100,00;100,80;94,90;953,95K;-2,45%;TTRAK
13.09.2020;99,95;101,00;104,40;99,70;1,10M;-0,74%;TTRAK
06.09.2020;100,70;92,00;103,70;92,00;1,49M;9,52%;TTRAK
30.08.2020;91,95;93,35;95,05;90,00;681,64K;-1,66%;TTRAK
23.08.2020;93,50;89,10;95,85;86,50;1,39M;5,06%;TTRAK
16.08.2020;89,00;95,40;97,95;87,30;1,58M;-6,56%;TTRAK
09.08.2020;95,25;96,50;106,70;91,70;1,77M;-1,30%;TTRAK
02.08.2020;96,50;110,00;113,00;83,85;2,42M;-10,65%;TTRAK
26.07.2020;108,00;101,00;113,00;99,50;2,30M;7,04%;TTRAK
19.07.2020;100,90;102,20;102,20;94,35;1,56M;0,80%;TTRAK
12.07.2020;100,10;91,35;104,30;89,65;1,72M;11,66%;TTRAK
05.07.2020;89,65;83,15;93,40;83,15;2,76M;9,33%;TTRAK
28.06.2020;82,00;78,80;83,80;77,15;1,76M;4,46%;TTRAK
21.06.2020;78,50;69,65;80,60;69,00;2,59M;13,03%;TTRAK
14.06.2020;69,45;68,80;72,40;66,90;1,90M;0,65%;TTRAK
07.06.2020;69,00;64,10;69,90;63,75;3,16M;8,32%;TTRAK
31.05.2020;63,70;61,50;64,40;61,40;1,34M;4,26%;TTRAK
24.05.2020;61,10;61,00;62,45;60,65;650,34K;0,33%;TTRAK
17.05.2020;60,90;63,00;63,20;60,70;921,79K;-1,62%;TTRAK
10.05.2020;61,90;56,50;64,40;55,95;1,76M;10,04%;TTRAK
03.05.2020;56,25;56,00;57,70;53,30;1,60M;-1,57%;TTRAK
26.04.2020;57,15;58,00;59,20;55,10;2,01M;4,96%;TTRAK
19.04.2020;54,45;50,65;56,20;50,40;1,11M;8,14%;TTRAK
12.04.2020;50,35;47,80;52,20;47,24;839,20K;4,90%;TTRAK
05.04.2020;48,00;43,00;49,68;42,74;1,08M;14,29%;TTRAK
29.03.2020;42,00;39,56;44,30;38,46;659,87K;6,17%;TTRAK
22.03.2020;39,56;38,02;42,00;37,40;606,17K;-2,08%;TTRAK
15.03.2020;40,40;44,89;44,89;38,68;418,57K;-16,70%;TTRAK
08.03.2020;48,50;57,95;57,95;45,20;998,26K;-17,80%;TTRAK
01.03.2020;59,00;60,10;62,10;58,00;497,12K;-0,51%;TTRAK
23.02.2020;59,30;61,00;63,80;55,55;715,20K;-3,42%;TTRAK
16.02.2020;61,40;60,25;62,40;58,55;959,77K;2,33%;TTRAK
09.02.2020;60,00;62,40;62,95;57,20;1,00M;-4,08%;TTRAK
02.02.2020;62,55;60,00;63,30;59,25;740,86K;3,73%;TTRAK
26.01.2020;60,30;57,90;61,50;56,60;778,32K;3,08%;TTRAK
19.01.2020;58,50;59,35;60,10;57,00;546,56K;-1,10%;TTRAK
12.01.2020;59,15;59,20;60,35;56,90;646,38K;0,25%;TTRAK
05.01.2020;59,00;53,00;59,50;51,60;1,07M;8,66%;TTRAK
29.12.2019;54,30;54,75;56,80;51,90;519,05K;-0,55%;TTRAK
22.12.2019;54,60;50,50;54,85;50,45;678,90K;7,91%;TTRAK
15.12.2019;50,60;51,05;51,65;50,10;446,96K;-0,88%;TTRAK
06.12.2020;21,94;22,02;22,40;21,42;3,42M;-0,27%;ULKER
29.11.2020;22,00;22,34;22,86;22,00;16,77M;-1,17%;ULKER
22.11.2020;22,26;23,04;23,44;22,02;20,08M;-1,07%;ULKER
15.11.2020;22,50;22,20;22,70;21,74;17,52M;3,12%;ULKER
08.11.2020;21,82;21,90;22,72;21,62;18,62M;0,83%;ULKER
01.11.2020;21,64;20,40;22,14;20,14;14,71M;7,02%;ULKER
25.10.2020;20,22;23,36;23,36;19,98;7,81M;-13,81%;ULKER
18.10.2020;23,46;24,60;25,04;23,34;8,29M;-4,24%;ULKER
11.10.2020;24,50;23,84;25,00;23,66;8,12M;4,17%;ULKER
04.10.2020;23,52;23,48;24,42;23,30;9,52M;1,38%;ULKER
27.09.2020;23,20;22,76;23,64;22,30;9,46M;1,40%;ULKER
20.09.2020;22,88;22,72;23,24;22,28;7,39M;0,88%;ULKER
13.09.2020;22,68;22,42;23,10;22,26;6,85M;1,25%;ULKER
06.09.2020;22,40;22,20;23,00;22,06;7,18M;1,36%;ULKER
30.08.2020;22,10;23,16;23,34;21,88;9,24M;-4,58%;ULKER
23.08.2020;23,16;22,96;23,42;22,52;10,27M;1,58%;ULKER
16.08.2020;22,80;22,42;23,40;21,90;13,93M;1,60%;ULKER
09.08.2020;22,44;22,10;24,16;21,48;19,96M;1,54%;ULKER
02.08.2020;22,10;26,40;26,90;20,00;18,79M;-15,20%;ULKER
26.07.2020;26,06;26,80;27,74;25,50;8,21M;-1,96%;ULKER
19.07.2020;26,58;26,78;27,22;25,92;7,72M;-0,30%;ULKER
12.07.2020;26,66;25,58;27,54;25,54;10,18M;5,21%;ULKER
05.07.2020;25,34;24,92;26,94;24,72;21,09M;2,26%;ULKER
28.06.2020;24,78;24,08;24,88;23,72;11,62M;3,16%;ULKER
21.06.2020;24,02;25,04;25,24;23,54;7,65M;-3,77%;ULKER
14.06.2020;24,96;23,50;26,00;23,44;15,31M;6,30%;ULKER
07.06.2020;23,48;23,48;23,76;22,90;6,77M;1,21%;ULKER
31.05.2020;23,20;23,86;24,10;23,02;5,75M;-1,69%;ULKER
24.05.2020;23,60;23,80;24,50;23,60;5,98M;-0,25%;ULKER
17.05.2020;23,66;23,56;24,48;23,30;7,85M;1,98%;ULKER
10.05.2020;23,20;22,48;23,64;22,22;6,90M;3,48%;ULKER
03.05.2020;22,42;23,30;24,08;21,80;11,14M;-5,40%;ULKER
26.04.2020;23,70;24,48;25,00;23,02;10,97M;-2,07%;ULKER
19.04.2020;24,20;23,00;25,16;22,20;15,50M;6,14%;ULKER
12.04.2020;22,80;20,96;24,40;20,76;8,68M;8,16%;ULKER
05.04.2020;21,08;20,78;21,68;20,54;3,99M;3,33%;ULKER
29.03.2020;20,40;19,30;20,66;19,00;5,02M;5,70%;ULKER
22.03.2020;19,30;18,95;20,46;18,78;7,61M;1,26%;ULKER
15.03.2020;19,06;20,24;20,26;16,38;4,90M;-4,89%;ULKER
08.03.2020;20,04;22,00;22,48;18,56;10,18M;-12,87%;ULKER
01.03.2020;23,00;20,84;23,00;20,56;7,78M;12,30%;ULKER
23.02.2020;20,48;22,00;22,82;19,00;5,52M;-8,57%;ULKER
16.02.2020;22,40;23,56;23,76;21,96;4,06M;-4,52%;ULKER
09.02.2020;23,46;23,96;24,20;22,54;3,97M;-1,92%;ULKER
02.02.2020;23,92;23,22;24,46;23,20;5,17M;2,49%;ULKER
26.01.2020;23,34;24,84;25,16;23,26;3,94M;-6,64%;ULKER
19.01.2020;25,00;24,84;25,56;24,74;3,62M;1,21%;ULKER
12.01.2020;24,70;25,00;25,26;24,52;5,03M;-0,96%;ULKER
05.01.2020;24,94;22,40;25,08;21,90;5,71M;10,16%;ULKER
29.12.2019;22,64;23,26;23,48;22,30;3,16M;-2,41%;ULKER
22.12.2019;23,20;22,72;23,86;22,52;4,04M;5,94%;ULKER
15.12.2019;21,90;21,72;22,32;21,42;3,18M;0,92%;ULKER
06.12.2020;21,900;20,220;22,200;20,020;9,26M;7,67%;VESTL
29.11.2020;20,340;20,400;20,960;19,920;20,50M;-1,64%;VESTL
22.11.2020;20,680;20,100;21,200;19,610;29,34M;3,40%;VESTL
15.11.2020;20,000;20,600;20,760;19,110;26,80M;-0,30%;VESTL
08.11.2020;20,060;19,290;21,140;19,190;50,02M;4,53%;VESTL
01.11.2020;19,190;16,600;19,240;16,360;27,99M;15,81%;VESTL
25.10.2020;16,570;18,200;18,520;16,160;20,30M;-8,86%;VESTL
18.10.2020;18,180;18,470;18,790;18,000;25,54M;-0,98%;VESTL
11.10.2020;18,360;17,580;18,970;17,570;33,35M;5,09%;VESTL
04.10.2020;17,470;17,260;17,750;17,200;27,45M;1,93%;VESTL
27.09.2020;17,140;16,780;17,640;16,600;21,15M;2,27%;VESTL
20.09.2020;16,760;17,470;17,500;16,730;12,71M;-3,84%;VESTL
13.09.2020;17,430;17,550;17,640;16,790;14,61M;-0,40%;VESTL
06.09.2020;17,500;18,300;18,460;17,200;15,60M;-4,37%;VESTL
30.08.2020;18,300;17,950;19,120;17,850;28,25M;1,89%;VESTL
23.08.2020;17,960;17,000;18,270;16,190;25,88M;5,52%;VESTL
16.08.2020;17,020;15,940;17,840;15,700;31,35M;5,71%;VESTL
09.08.2020;16,100;15,730;17,200;15,280;10,44M;2,35%;VESTL
02.08.2020;15,730;17,800;17,950;13,680;13,57M;-10,22%;VESTL
26.07.2020;17,520;18,050;18,340;17,200;21,03M;-2,61%;VESTL
19.07.2020;17,990;17,490;18,020;17,030;29,98M;2,68%;VESTL
12.07.2020;17,520;16,580;18,330;16,580;62,29M;7,09%;VESTL
05.07.2020;16,360;16,500;17,020;15,740;36,16M;-0,18%;VESTL
28.06.2020;16,390;16,150;16,670;16,040;18,92M;1,49%;VESTL
21.06.2020;16,150;16,360;17,000;15,960;24,04M;-0,68%;VESTL
14.06.2020;16,260;14,970;17,320;14,770;48,69M;7,68%;VESTL
07.06.2020;15,100;13,680;15,260;13,590;62,73M;10,62%;VESTL
31.05.2020;13,650;14,250;14,390;13,540;28,66M;-3,67%;VESTL
24.05.2020;14,170;13,760;14,280;13,520;22,12M;4,04%;VESTL
17.05.2020;13,620;13,240;14,120;13,200;39,49M;3,89%;VESTL
10.05.2020;13,110;12,780;13,410;12,460;45,12M;2,66%;VESTL
03.05.2020;12,770;13,000;13,650;12,720;36,74M;-3,40%;VESTL
26.04.2020;13,220;11,800;13,560;11,780;45,93M;13,18%;VESTL
19.04.2020;11,680;11,330;12,040;11,190;23,91M;3,36%;VESTL
12.04.2020;11,300;10,650;11,830;10,500;39,20M;2,73%;VESTL
05.04.2020;11,000;10,500;11,200;10,380;37,14M;7,84%;VESTL
29.03.2020;10,200;10,150;10,850;10,020;17,74M;0,99%;VESTL
22.03.2020;10,100;8,980;10,940;8,940;39,76M;5,98%;VESTL
15.03.2020;9,530;9,800;10,060;8,380;24,32M;-3,74%;VESTL
08.03.2020;9,900;12,880;12,940;8,550;16,87M;-25,11%;VESTL
01.03.2020;13,220;14,640;15,150;13,090;20,49M;-5,57%;VESTL
23.02.2020;14,000;16,050;16,640;13,020;20,53M;-14,63%;VESTL
16.02.2020;16,400;17,250;17,680;15,550;29,10M;-3,02%;VESTL
09.02.2020;16,910;15,730;17,840;15,000;57,25M;7,23%;VESTL
02.02.2020;15,770;14,000;17,160;13,910;70,29M;13,37%;VESTL
26.01.2020;13,910;14,150;14,320;13,550;12,64M;-1,97%;VESTL
19.01.2020;14,190;14,400;14,730;14,150;16,21M;-1,18%;VESTL
12.01.2020;14,360;14,240;15,110;14,030;30,13M;1,48%;VESTL
05.01.2020;14,150;13,140;14,540;13,000;44,23M;6,63%;VESTL
29.12.2019;13,270;13,120;13,320;12,600;26,61M;1,53%;VESTL
22.12.2019;13,070;13,460;14,510;13,050;69,21M;-2,10%;VESTL
15.12.2019;13,350;12,830;13,670;12,760;61,01M;4,30%;VESTL
